review_id,text,rating,sentiment
658,Five stars! The running shoes the price was very reasonable for the quality.,5,positive
406,"This backpack exceeded my expectations, it saved me so much time.",4,positive
664,"The desk lamp is amazing, the packaging was premium.",5,positive
269,"The gaming mouse broke within days, there were missing parts.",2,negative
726,"Neutral experience overall, it works as described, nothing more.",3,neutral
542,"I regret buying this camera, teh packaging was damaged.",2,negative
989,"Worst office chair ever, customer support never responded. 😢",1,negative
1132,"Great value for money, this laptop it fits perfectly.",5,positive
418,"The laptop is amazing, customer service was very helpful. 🔥",5,positive
1039,Five stars! The backpack it saved me so much time.,5,positive
599,"Not worth it at all, it did not match the description :(",2,negative
358,"Great value for money, this monitor it looks even better in person.",4,positive
1172,"Poor quality book, the size was completely wrong.",1,negative
129,"The monitor does what it says, it is comparable to other brands.",3,neutral
924,"The book does what it says, it works as described, nothing more.",3,neutral
244,"Fantastic quality backpack, delivery was super fast :) ❤️",5,positive
53,"The monitor broke within days, it did not match the description.",2,negative
1167,"It arrived on time, the camera it works as described, nothing more.",3,neutral
397,"The camera is amazing, the packaging was premium.",5,positive
879,"The camera does what it says, the instructions were a little unclear.",3,neutral
963,"It works, but it is comparable to other brands.",3,neutral
1123,"Works like a charm, the build quality is excellent.",4,positive
650,"Do not buy this camera, the material feels cheap.",1,negative
851,"Worst running shoes ever, the battery drains too fast.",2,negative
669,"Decent desk lamp for the price, there is nothing extra to mention.",3,neutral
958,Five stars! The book it looks even better in person.,5,positive
828,"Decent monitor for the price, it does the basic job.",3,neutral
564,"It works, but some features were unnecessary.",3,neutral
637,"Fantastic quality monitor, it saved me so much time :)",4,positive
783,"The smart watch is okay, nothing special, it looks similar to the pictures.",3,neutral
326,"The smart watch broke within days, the size was completely wrong.",2,negative
212,"Very disappointed with teh coffee maker, customer support never responded. 👎",1,negative
1001,"teh t-shirt broke within days, it arrived very late.",2,negative
9,"Decent keyboard for the price, it does teh basic job.",3,neutral
491,"This bluetooth speaker is terrible, teh battery drains too fast.",2,negative
81,"teh wireless earbuds is okay, nothing special, the shipping took a bit longer than expected.",3,neutral
368,"This keyboard is terrible, teh battery drains too fast.",1,negative
730,"Works like a charm, battery life is outstanding. 👍",5,positive
915,"Standard backpack, the price is about average.",3,neutral
70,Five stars! The camera it looks even better in person.,5,positive
947,"Not worth it at all, the material feels cheap :(",1,negative
292,"This desk lamp exceeded my expectations, it fits perfectly.",4,positive
403,"I absolutely love this t-shirt, it works perfectly and the build quality is excellent.",5,positive
997,"gr8 value for money, this backpack the sound quality is crisp.",4,positive
880,"Fantastic quality desk lamp, the sound quality is crisp :) 😊",4,positive
529,"THIS LAPTOP EXCEEDED MY EXPECTATIONS, IT FITS PERFECTLY.",4,positive
1175,"Very disappointed with the kitchen blender, the packaging was damaged.",2,negative
846,"Not bad, not great, it works as described, nothing more.",3,neutral
178,"Great value for money, this office chair it looks even better in person.",4,positive
1065,"It works, but there is nothing extra to mention.",3,neutral
764,"Poor quality monitor, the size was completely wrong.",1,negative
826,"This backpack exceeded my expectations, customer service was very helpful.",5,positive
437,"Completely useless, the size was completely wrong.",2,negative
1048,Five stars! The water bottle it looks even better in person.,5,positive
928,Five stars! The charger battery life is outstanding. 😊,5,positive
459,"The desk lamp does what it says, the instructions were a little unclear.",3,neutral
863,"This backpack is terrible, teh material feels cheap. 👎",2,negative
747,"It arrived on time, the backpack some features were unnecessary.",3,neutral
1044,"The office chair is fine I guess, the shipping took a bit longer than expected.",3,neutral
185,"Poor quality wireless earbuds, it stopped working after a week.",1,negative
155,"I regret buying this smart watch, teh battery drains too fast.",2,negative
243,"Not bad, not great, it is comparable to other brands.",3,neutral
355,"Highly recommend this water bottle, the sound quality is crisp. 👍",5,positive
967,"Super happy with this purchase, the camera customer service was very helpful.",5,positive
630,"Decent book for the price, it looks similar to the pictures.",3,neutral
38,"Do not buy this running shoes, the size was completely wrong.",1,negative
609,"NOT BAD, NOT GREAT, IT LOOKS SIMILAR TO THE PICTURES.",3,neutral
809,"Waste of money, the monitor teh size was completely wrong.",2,negative
722,"Worst water bottle ever, it stopped working after a week.",1,negative
938,"Completely useless, it is overpriced for what you get.",1,negative
189,"Not bad, not great, the price is about average.",3,neutral
843,"Standard monitor, there is nothing extra to mention.",3,neutral
592,"Best coffee maker I have ever bought, it looks even better in person!",5,positive
372,"Not bad, not great, the colour was slightly different than shown.",3,neutral
690,"The camera is fine I guess, there is nothing extra to mention.",3,neutral
926,"Worst book ever, it arrived very late.",1,negative
1141,Five stars! teh laptop the build quality is excellent.,4,positive
1077,"The book is fine I guess, some features were unnecessary.",3,neutral
623,"Not worth it at all, the packaging was damaged :( 😡",1,negative
973,"This coffee maker exceeded my expectations, the packaging was premium.",5,positive
881,"Completely useless, the packaging was damaged. 👎",2,negative
596,"I regret buying this charger, there were missing parts. 😡",1,negative
50,"This book is terrible, customer support never responded.",2,negative
859,"Super happy with this purchase, the phone case the sound quality is crisp.",5,positive
52,"Great value for money, this t-shirt it looks even better in person.",4,positive
42,"IT ARRIVED ON TIME, teh CHARGER IT LOOKS SIMILAR TO THE PICTURES.",3,neutral
17,"Completely useless, it did not match the description.",1,negative
604,"I absolutely love this tablet, it works perfectly and the price was very reasonable for teh quality.",5,positive
1169,"Do not buy this monitor, it did not match the description.",2,negative
214,"Great value for money, this wireless earbuds battery life is outstanding. 😊",4,positive
523,"The keyboard is amazing, customer service was very helpful.",4,positive
16,"Works like a charm, it looks even better in person.",4,positive
236,"Waste of money, the laptop teh packaging was damaged. 😢",1,negative
720,"It arrived on time, the running shoes it looks similar to teh pictures.",3,neutral
686,"Worst book ever, the battery drains too fast.",2,negative
584,"Do not buy this wireless earbuds, teh material feels cheap.",2,negative
982,"I absolutely love this office chair, it works perfectly and it saved me so much time.",4,positive
117,"It's an average t-shirt, the price is about average.",3,neutral
540,"The book does what it says, it looks similar to teh pictures.",3,neutral
1043,"Worst keyboard ever, it is overpriced for what you get. 😡",1,negative
968,"Completely useless, it is overpriced for what you get.",1,negative
556,"Highly recommend this t-shirt, the packaging was premium. ❤️",4,positive
812,"Completely useless, the packaging was damaged.",2,negative
373,"Highly recommend this water bottle, the sound quality is crisp.",4,positive
769,"I absolutely love this office chair, it works perfectly and it fits perfectly.",5,positive
354,"Decent wireless earbuds for the price, there is nothing extra to mention.",3,neutral
297,"Neutral experience overall, the price is about average.",3,neutral
431,"Do not buy this tablet, it arrived very late.",2,negative
474,"teh keyboard is okay, nothing special, the colour was slightly different than shown.",3,neutral
986,"Worst book ever, it did not match the description.",2,negative
222,"It works, but some features were unnecessary.",3,neutral
673,"Highly recommend this bluetooth speaker, it looks even better in person.",4,positive
322,"teh desk lamp is amazing, the build quality is excellent. 🔥",5,positive
645,"Neutral experience overall, it is comparable to other brands.",3,neutral
1070,"Waste of money, the desk lamp the packaging was damaged.",1,negative
423,"The laptop is okay, nothing special, it does the basic job.",3,neutral
1188,"The t-shirt is okay, nothing special, the price is about average.",3,neutral
286,"Fantastic quality wireless earbuds, battery life is outstanding :)",4,positive
666,"Standard tablet, it is comparable to other brands.",3,neutral
992,"Very disappointed with the bluetooth speaker, it is overpriced for what you get.",2,negative
505,"Super happy with this purchase, the running shoes it fits perfectly.",5,positive
635,"Poor quality office chair, it stopped working after a week.",2,negative
935,"Not worth it at all, customer support never responded :(",2,negative
227,"This smart watch is terrible, the material feels cheap.",2,negative
962,"Waste of money, the phone case it arrived very late.",1,negative
886,"Best book I have ever bought, the packaging was premium! 👍",4,positive
364,"I absolutely love this charger, it works perfectly and the packaging was premium.",4,positive
613,Five stars! The keyboard the sound quality is crisp.,5,positive
662,"Worst camera ever, it did not match the description.",1,negative
1140,"The wireless earbuds is okay, nothing special, the shipping took a bit longer than expected.",3,neutral
496,"Best tablet I have ever bought, delivery was super fast!",4,positive
102,"It arrived on time, teh laptop it is comparable to other brands.",3,neutral
532,Five stars! The kitchen blender battery life is outstanding.,4,positive
705,"Neutral experience overall, it works as described, nothing more.",3,neutral
948,"It arrived on time, the smart watch teh instructions were a little unclear.",3,neutral
318,"Not bad, not gr8 there is nothing extra to mention.",3,neutral
845,"Not worth it at all, it did not match teh description :(",2,negative
577,Five stars! The coffee maker the price was very reasonable for the quality.,4,positive
583,"Highly recommend this coffee maker, the packaging was premium.",4,positive
430,"Great value for money, this phone case the build quality is excellent.",4,positive
257,"Completely useless, the packaging was damaged.",1,negative
719,"I regret buying this laptop, the size was completely wrong. 😢",1,negative
210,"It works, but the colour was slightly different than shown.",3,neutral
889,"Highly recommend this gaming mouse, the price was very reasonable for the quality.",4,positive
641,"Completely useless, it did not match the description.",2,negative
732,"The coffee maker does what it says, the price is about average.",3,neutral
379,"Super happy with this purchase, the gaming mouse it fits perfectly.",4,positive
26,"VERY DISAPPOINTED WITH THE BLUETOOTH SPEAKER, IT STOPPED WORKING AFTER A WEEK.",1,negative
728,"Very disappointed with the running shoes, it arrived very late.",1,negative
804,"Standard charger, teh shipping took a bit longer than expected.",3,neutral
697,"Great value for money, this monitor customer service was very helpful. 😊",5,positive
48,"Not bad, not great, it does the basic job.",3,neutral
680,"The charger broke within days, the material feels cheap.",2,negative
990,"Standard laptop, the shipping took a bit longer than expected.",3,neutral
278,"Do not buy this coffee maker, the battery drains too fast.",2,negative
1200,"Decent monitor for teh price, teh colour was slightly different than shown.",3,neutral
555,"It arrived on time, the kitchen blender it works as described, nothing more.",3,neutral
85,"Super happy with this purchase, the monitor battery life is outstanding. 🔥",4,positive
265,"Fantastic quality water bottle, delivery was super fast :) 😊",5,positive
461,"Not worth it at all, customer support never responded :(",2,negative
872,"Very disappointed with the backpack, it is overpriced for what you get.",1,negative
777,"Decent gaming mouse for the price, the shipping took a bit longer than expected.",3,neutral
306,"The keyboard is fine I guess, it is comparable to other brands.",3,neutral
125,"Worst phone case ever, it did not match the description.",1,negative
955,Five stars! The phone case delivery was super fast.,4,positive
725,"Completely useless, it is overpriced for what you get. 👎",2,negative
545,"I regret buying this bluetooth speaker, the size was completely wrong.",1,negative
573,"Neutral experience overall, some features were unnecessary.",3,neutral
668,"NOT WORTH IT AT ALL, IT ARRIVED VERY LATE :(",1,negative
629,"Completely useless, the packaging was damaged.",2,negative
557,"I regret buying this t-shirt, it is overpriced for what you get.",1,negative
101,"This kitchen blender is terrible, it is overpriced for what you get.",1,negative
146,"Completely useless, the size was completely wrong.",2,negative
741,"The charger is okay, nothing special, the shipping took a bit longer than expected.",3,neutral
413,"Completely useless, customer support never responded.",1,negative
55,"Fantastic quality kitchen blender, it fits perfectly :)",5,positive
68,"Completely useless, it is overpriced for what you get.",2,negative
76,"Super happy with this purchase, the running shoes the sound quality is crisp. 👍",5,positive
124,"Best tablet I have ever bought, delivery was super fast! ❤️",5,positive
77,"Not worth it at all, there were missing parts :(",1,negative
320,"I regret buying this wireless earbuds, the size was completely wrong. 👎",1,negative
925,"Great value for money, this tablet delivery was super fast.",4,positive
550,"Works like a charm, it saved me so much time. 😊",5,positive
396,"Decent t-shirt for the price, it looks similar to the pictures.",3,neutral
232,"This kitchen blender exceeded my expectations, the packaging was premium.",5,positive
87,"The phone case is fine I guess, it is comparable to other brands.",3,neutral
1191,"Neutral experience overall, it works as described, nothing more.",3,neutral
96,"Standard keyboard, there is nothing extra to mention.",3,neutral
204,"It's an average backpack, there is nothing extra to mention.",3,neutral
1165,"Works like a charm, it fits perfectly.",5,positive
943,Five stars! The phone case it fits perfectly. 😊,5,positive
219,"Standard kitchen blender, it works as described, nothing more.",3,neutral
336,"The running shoes is fine I guess, it looks similar to the pictures.",3,neutral
1138,Five stars! The kitchen blender battery life is outstanding.,4,positive
1183,"Works like a charm, it looks even better in person.",4,positive
237,"DECENT T-SHIRT FOR THE PRICE, THE PRICE IS ABOUT AVERAGE.",3,neutral
856,"Best camera I have ever bought, the build quality is excellent!",5,positive
20,"The water bottle broke within days, the battery drains too fast. 😢",1,negative
785,"Worst coffee maker ever, the packaging was damaged.",1,negative
825,"The backpack is okay, nothing special, it looks similar to the pictures.",3,neutral
559,"Fantastic quality office chair, customer service was very helpful :)",5,positive
367,"Highly recommend this gaming mouse, the sound quality is crisp.",4,positive
539,"Waste of money, the desk lamp the packaging was damaged.",2,negative
853,"The laptop is amazing, it looks even better in person. 😊",5,positive
639,"The water bottle does what it says, teh shipping took a bit longer than expected.",3,neutral
471,"Neutral experience overall, the colour was slightly different than shown.",3,neutral
738,"teh office chair is okay, nothing special, there is nothing extra to mention.",3,neutral
156,"Decent charger for the price, the shipping took a bit longer than expected.",3,neutral
233,"I regret buying this office chair, the size was completely wrong.",2,negative
1112,"Worst phone case ever, there were missing parts.",1,negative
1163,"The backpack broke within days, the material feels cheap. 😢",2,negative
866,"Do not buy this gaming mouse, teh packaging was damaged. 👎",1,negative
277,"Fantastic quality running shoes, the sound quality is crisp :) 🔥",5,positive
891,"Standard t-shirt, it does the basic job.",3,neutral
89,"Poor quality t-shirt, it is overpriced for what you get. 👎",1,negative
192,"The desk lamp does what it says, it is comparable to other brands.",3,neutral
737,"Waste of money, the water bottle it stopped working after a week.",2,negative
972,"Not bad, not great, it does teh basic job.",3,neutral
780,"It works, but it looks similar to the pictures.",3,neutral
183,"It arrived on time, the backpack there is nothing extra to mention.",3,neutral
627,"The book does what it says, there is nothing extra to mention.",3,neutral
905,"This tablet is terrible, it did not match the description.",2,negative
213,"Decent t-shirt for the price, the shipping took a bit longer than expected.",3,neutral
305,"Worst laptop ever, it arrived very late. 👎",2,negative
158,"The laptop broke within days, the material feels cheap.",1,negative
983,"Worst t-shirt ever, there were missing parts.",2,negative
776,"Not worth it at all, it is overpriced for what you get :(",2,negative
32,"Do not buy this wireless earbuds, customer support never responded.",2,negative
917,"Very disappointed with the desk lamp, the battery drains too fast.",1,negative
1054,"I absolutely love this monitor, it works perfectly and the packaging was premium. ❤️",5,positive
561,"The running shoes is fine I guess, the price is about average.",3,neutral
381,"Standard phone case, the instructions were a little unclear.",3,neutral
176,"The desk lamp broke within days, it stopped working after a week. 👎",1,negative
1131,"Standard charger, the shipping took a bit longer than expected.",3,neutral
696,"It works, but the price is about average.",3,neutral
256,"Great value for money, this backpack the packaging was premium.",5,positive
525,"Standard desk lamp, the price is about average.",3,neutral
1009,"Works like a charm, the price was very reasonable for the quality.",4,positive
361,"Highly recommend this t-shirt, teh sound quality is crisp.",5,positive
174,"Neutral experience overall, it does the basic job.",3,neutral
823,"Works like a charm, battery life is outstanding.",4,positive
700,"Works like a charm, the packaging was premium.",4,positive
547,FIVE STARS! THE WIRELESS EARBUDS THE PACKAGING WAS PREMIUM. 👍,4,positive
1111,"Works like a charm, it fits perfectly. 😊",4,positive
1113,"The charger does what it says, there is nothing extra to mention.",3,neutral
238,"Highly recommend this running shoes, delivery was super fast. 🔥",5,positive
267,"Standard desk lamp, some features were unnecessary.",3,neutral
598,"Fantastic quality coffee maker, delivery was super fast :)",5,positive
348,"It's an average keyboard, it looks similar to the pictures.",3,neutral
22,"Best charger I have ever bought, customer service was very helpful!",4,positive
15,"teh kitchen blender does what it says, the instructions were a little unclear.",3,neutral
148,"Super happy with this purchase, teh bluetooth speaker it saved me so much time.",4,positive
362,"Waste of money, the camera it did not match teh description. 👎",2,negative
1115,"Poor quality charger, there were missing parts.",2,negative
242,"Waste of money, the coffee maker customer support never responded.",1,negative
1074,"Standard phone case, the instructions were a little unclear.",3,neutral
454,"Great value for money, this desk lamp the price was very reasonable for the quality. 👍",5,positive
41,"The bluetooth speaker broke within days, it did not match the description. 😢",1,negative
711,"It works, but the colour was slightly different than shown.",3,neutral
399,"Standard t-shirt, the shipping took a bit longer than expected.",3,neutral
327,"Neutral experience overall, it works as described, nothing more.",3,neutral
1122,"It works, but it is comparable to other brands.",3,neutral
1119,"Not bad, not great, it works as described, nothing more.",3,neutral
978,"It arrived on time, the coffee maker the shipping took a bit longer than expected.",3,neutral
118,"I absolutely love this tablet, it works perfectly and it saved me so much time.",5,positive
220,"Highly recommend this gaming mouse, customer service was very helpful. 😊",4,positive
142,"The monitor is amazing, teh build quality is excellent.",5,positive
692,"Very disappointed with the smart watch, the material feels cheap.",1,negative
1034,"This wireless earbuds is terrible, the material feels cheap.",1,negative
707,"This t-shirt is terrible, the size was completely wrong.",2,negative
182,"Worst tablet ever, it stopped working after a week. 😡",1,negative
615,"Standard kitchen blender, it is comparable to other brands.",3,neutral
94,Five stars! The camera the build quality is excellent. 🔥,5,positive
235,"I absolutely love this office chair, it works perfectly and customer service was very helpful.",5,positive
655,"Super happy with this purchase, the tablet the sound quality is crisp.",5,positive
736,"Highly recommend this smart watch, it saved me so much time.",5,positive
190,"Great value for money, this keyboard customer service was very helpful. 🔥",4,positive
1083,"It's an average tablet, the shipping took a bit longer than expected.",3,neutral
137,"Very disappointed with the office chair, it is overpriced for what you get.",1,negative
313,"Works like a charm, it looks even better in person.",5,positive
1060,"Great value for money, this book the sound quality is crisp.",4,positive
1027,"The tablet is amazing, the price was very reasonable for the quality.",4,positive
80,"I regret buying this wireless earbuds, it stopped working after a week.",1,negative
263,"The monitor broke within days, it stopped working after a week.",2,negative
952,"WORKS LIKE A CHARM, THE BUILD QUALITY IS EXCELLENT. ❤️",5,positive
1041,"The tablet is fine I guess, there is nothing extra to mention.",3,neutral
375,"Standard running shoes, some features were unnecessary.",3,neutral
245,"Poor quality tablet, it arrived very late.",1,negative
1012,"This camera exceeded my expectations, battery life is outstanding.",5,positive
860,"Very disappointed with teh laptop, the size was completely wrong.",2,negative
896,"Not worth it at all, the size was completely wrong :(",1,negative
519,"The desk lamp is okay, nothing special, the shipping took a bit longer than expected.",3,neutral
755,"This book is terrible, it did not match the description.",1,negative
563,"Do not buy this smart watch, it is overpriced for what you get.",1,negative
1075,"This wireless earbuds exceeded my expectations, the packaging was premium.",4,positive
808,Five stars! The t-shirt battery life is outstanding.,5,positive
1117,"gr8 value for money, this monitor battery life is outstanding.",4,positive
835,Five stars! The laptop the price was very reasonable for teh quality. 😊,5,positive
932,"This gaming mouse is terrible, customer support never responded.",1,negative
995,"I regret buying this running shoes, it arrived very late. 😡",2,negative
145,"I absolutely love this t-shirt, it works perfectly and the price was very reasonable for the quality.",4,positive
482,"I regret buying this kitchen blender, customer support never responded.",1,negative
179,"WASTE OF MONEY, THE LAPTOP CUSTOMER SUPPORT NEVER RESPONDED.",2,negative
271,"Fantastic quality phone case, the sound quality is crisp :)",5,positive
492,"It arrived on time, the coffee maker it is comparable to other brands.",3,neutral
1015,"gr8 value for money, this bluetooth speaker the price was very reasonable for the quality.",5,positive
302,"Poor quality tablet, the battery drains too fast.",2,negative
585,"teh wireless earbuds does what it says, teh shipping took a bit longer than expected.",3,neutral
270,"The camera is okay, nothing special, the price is about average.",3,neutral
794,"I regret buying this keyboard, it did not match the description. 😢",1,negative
1186,"The t-shirt is amazing, delivery was super fast.",5,positive
792,"Neutral experience overall, the colour was slightly different than shown.",3,neutral
1174,"Works like a charm, it saved me so much time.",4,positive
114,"The gaming mouse is okay, nothing special, the instructions were a little unclear.",3,neutral
868,"Best water bottle I have ever bought, the price was very reasonable for teh quality! 😊",4,positive
1118,"Very disappointed with the coffee maker, it arrived very late.",2,negative
511,"I absolutely love this monitor, it works perfectly and the price was very reasonable for the quality.",4,positive
976,"Great value for money, this smart watch the sound quality is crisp.",5,positive
521,"This monitor is terrible, it stopped working after a week.",1,negative
75,"It works, but it works as described, nothing more.",3,neutral
876,"Decent coffee maker for the price, the colour was slightly different than shown.",3,neutral
791,"Waste of money, the wireless earbuds it did not match the description.",1,negative
186,"Neutral experience overall, the colour was slightly different than shown.",3,neutral
46,"This kitchen blender exceeded my expectations, customer service was very helpful.",4,positive
169,"Great value for money, this kitchen blender it fits perfectly.",5,positive
34,"Works like a charm, teh sound quality is crisp. 👍",4,positive
1103,"Completely useless, teh material feels cheap.",1,negative
594,"Not bad, not great, the price is about average.",3,neutral
57,"It works, but some features were unnecessary.",3,neutral
760,"Works like a charm, it saved me so much time.",5,positive
421,Five stars! The camera it saved me so much time.,5,positive
1168,"Highly recommend this laptop, battery life is outstanding.",4,positive
931,"This camera exceeded my expectations, the packaging was premium.",4,positive
595,"This smart watch exceeded my expectations, customer service was very helpful.",4,positive
936,"Decent running shoes for the price, it looks similar to the pictures.",3,neutral
1198,"This charger exceeded my expectations, the packaging was premium. 😊",5,positive
694,"Great value for money, this backpack delivery was super fast. ❤️",4,positive
1030,Five stars! The t-shirt the sound quality is crisp.,4,positive
162,"Standard wireless earbuds, it is comparable to other brands.",3,neutral
79,"Great value for money, this t-shirt the packaging was premium.",5,positive
1045,"Fantastic quality t-shirt, it looks even better in person :)",4,positive
536,"WORST T-SHIRT EVER, IT DID NOT MATCH teh DESCRIPTION.",2,negative
520,Five stars! The office chair delivery was super fast. ❤️,5,positive
874,"Best camera I have ever bought, battery life is outstanding! 👍",5,positive
558,"The charger is fine I guess, it works as described, nothing more.",3,neutral
527,"Completely useless, customer support never responded. 😡",2,negative
289,"Works like a charm, the sound quality is crisp.",4,positive
805,"I absolutely love this monitor, it works perfectly and delivery was super fast.",5,positive
537,"Decent keyboard for teh price, the colour was slightly different than shown.",3,neutral
765,"It's an average t-shirt, there is nothing extra to mention.",3,neutral
325,"Works like a charm, the sound quality is crisp.",5,positive
814,"Highly recommend this desk lamp, the price was very reasonable for the quality.",4,positive
750,"It arrived on time, the book it is comparable to other brands.",3,neutral
1089,"The book does what it says, it is comparable to other brands.",3,neutral
543,"It works, but it works as described, nothing more.",3,neutral
464,"Very disappointed with the gaming mouse, the battery drains too fast. 😡",1,negative
1006,"Best tablet I have ever bought, the price was very reasonable for the quality!",4,positive
400,"teh backpack is amazing, customer service was very helpful.",5,positive
806,"The water bottle broke within days, it did not match the description.",1,negative
530,"This smart watch is terrible, it did not match the description.",1,negative
712,"Super happy with this purchase, the t-shirt delivery was super fast. 🔥",4,positive
508,"The desk lamp is amazing, the packaging was premium.",5,positive
234,"The running shoes is okay, nothing special, it looks similar to the pictures.",3,neutral
205,"I absolutely love this tablet, it works perfectly and the packaging was premium.",4,positive
1052,"This book is terrible, the packaging was damaged. 👎",2,negative
333,"teh camera is okay, nothing special, the shipping took a bit longer than expected.",3,neutral
196,Five stars! The laptop the price was very reasonable for teh quality.,4,positive
134,"Very disappointed with the bluetooth speaker, it arrived very late.",1,negative
631,"The water bottle is amazing, it fits perfectly.",5,positive
514,"Best charger I have ever bought, the packaging was premium!",5,positive
39,"Standard phone case, it works as described, nothing more.",3,neutral
979,"This gaming mouse exceeded my expectations, the price was very reasonable for the quality.",4,positive
744,"Decent backpack for the price, the colour was slightly different than shown.",3,neutral
762,"The t-shirt does what it says, the colour was slightly different than shown.",3,neutral
432,"The wireless earbuds is okay, nothing special, it does the basic job.",3,neutral
735,"Decent phone case for the price, it looks similar to the pictures.",3,neutral
534,"Not bad, not great, the shipping took a bit longer than expected.",3,neutral
303,"The phone case is fine I guess, there is nothing extra to mention.",3,neutral
1114,"Highly recommend this tablet, customer service was very helpful.",4,positive
283,"Highly recommend this tablet, battery life is outstanding. ❤️",5,positive
684,"Decent smart watch for teh price, the shipping took a bit longer than expected.",3,neutral
69,"It works, but the colour was slightly different than shown.",3,neutral
1049,"VERY DISAPPOINTED WITH THE COFFEE MAKER, CUSTOMER SUPPORT NEVER RESPONDED. 👎",1,negative
411,"Not bad, not great, it is comparable to other brands.",3,neutral
934,"Works like a charm, delivery was super fast.",4,positive
97,"Great value for money, this smart watch delivery was super fast.",4,positive
19,"The kitchen blender is amazing, it saved me so much time.",4,positive
524,"Worst coffee maker ever, the battery drains too fast.",1,negative
900,"The tablet is fine I guess, there is nothing extra to mention.",3,neutral
340,"Works like a charm, teh build quality is excellent.",4,positive
480,"It works, but the colour was slightly different than shown.",3,neutral
844,"Super happy with this purchase, teh t-shirt the packaging was premium.",5,positive
1159,"Super happy with this purchase, the backpack delivery was super fast.",5,positive
923,"Worst t-shirt ever, customer support never responded.",2,negative
708,"Neutral experience overall, there is nothing extra to mention.",3,neutral
1018,"I absolutely love this water bottle, it works perfectly and the build quality is excellent.",5,positive
818,"Waste of money, the backpack the battery drains too fast.",2,negative
892,"Best smart watch I have ever bought, the packaging was premium! 😊",5,positive
908,"Not worth it at all, there were missing parts :(",2,negative
441,"teh phone case is fine I guess, it is comparable to other brands.",3,neutral
252,"It's an average phone case, the shipping took a bit longer than expected.",3,neutral
822,"It arrived on time, the kitchen blender the shipping took a bit longer than expected.",3,neutral
829,"teh tablet is amazing, it fits perfectly.",4,positive
614,"Waste of money, the smart watch customer support never responded. 😡",2,negative
274,"Super happy with this purchase, the smart watch it saved me so much time.",4,positive
1134,"It works, but it is comparable to other brands.",3,neutral
602,"Worst keyboard ever, the battery drains too fast.",2,negative
568,"The coffee maker is amazing, customer service was very helpful.",4,positive
458,"The tablet broke within days, teh packaging was damaged.",2,negative
24,"The coffee maker is fine I guess, the price is about average.",3,neutral
154,"This book exceeded my expectations, the sound quality is crisp.",5,positive
786,"Decent kitchen blender for the price, the price is about average.",3,neutral
1,"I absolutely love this kitchen blender, it works perfectly and it looks even better in person. 🔥",4,positive
1025,"Very disappointed with the book, the battery drains too fast. 😢",1,negative
1062,"Not bad, not great, some features were unnecessary.",3,neutral
788,"Waste of money, the camera the battery drains too fast.",2,negative
1011,"The keyboard does what it says, it works as described, nothing more.",3,neutral
811,"Fantastic quality water bottle, customer service was very helpful :)",4,positive
1000,"The monitor is amazing, it looks even better in person. 🔥",4,positive
260,"This camera is terrible, the packaging was damaged.",1,negative
450,"It arrived on time, the monitor the instructions were a little unclear.",3,neutral
1081,"Works like a charm, it saved me so much time. 😊",5,positive
827,"Poor quality water bottle, it is overpriced for what you get.",2,negative
646,Five stars! The t-shirt the price was very reasonable for the quality.,4,positive
132,"It works, but the colour was slightly different than shown.",3,neutral
1098,"Standard monitor, it works as described, nothing more.",3,neutral
45,"Standard office chair, some features were unnecessary.",3,neutral
870,"Not bad, not great, the shipping took a bit longer than expected.",3,neutral
1160,"Waste of money, the keyboard there were missing parts.",1,negative
106,"The book is amazing, the price was very reasonable for the quality.",4,positive
295,Five stars! The kitchen blender it looks even better in person.,5,positive
1087,"Super happy with this purchase, the backpack it saved me so much time.",5,positive
987,"It's an average bluetooth speaker, the instructions were a little unclear.",3,neutral
653,"Not worth it at all, the size was completely wrong :(",2,negative
1029,"Decent monitor for teh price, it works as described, nothing more.",3,neutral
704,"This office chair is terrible, the material feels cheap. 👎",2,negative
644,"Worst tablet ever, there were missing parts.",2,negative
1126,"The phone case is amazing, the packaging was premium.",5,positive
3,"Not bad, not great, some features were unnecessary.",3,neutral
994,"Super happy with this purchase, teh gaming mouse battery life is outstanding.",4,positive
678,"The tablet does what it says, the price is about average.",3,neutral
578,"Completely useless, there were missing parts.",1,negative
1100,"Completely useless, it stopped working after a week.",2,negative
1152,"Neutral experience overall, the price is about average.",3,neutral
1079,"I regret buying this monitor, the material feels cheap.",2,negative
338,"POOR QUALITY MONITOR, IT ARRIVED VERY LATE.",1,negative
1037,"Poor quality t-shirt, the battery drains too fast.",1,negative
449,"I regret buying this keyboard, there were missing parts.",2,negative
566,"Worst charger ever, it arrived very late.",1,negative
1005,"teh backpack is okay, nothing special, the colour was slightly different than shown.",3,neutral
710,"Do not buy this smart watch, there were missing parts.",1,negative
612,"It arrived on time, the tablet the colour was slightly different than shown.",3,neutral
420,"Decent phone case for the price, the colour was slightly different than shown.",3,neutral
1082,"The tablet broke within days, customer support never responded. 😢",2,negative
473,"Poor quality laptop, it is overpriced for what you get.",1,negative
300,"It works, but it does the basic job.",3,neutral
429,"Not bad, not great, the instructions were a little unclear.",3,neutral
643,"THE PHONE CASE IS AMAZING, CUSTOMER SERVICE WAS VERY HELPFUL.",4,positive
478,"I absolutely love this gaming mouse, it works perfectly and customer service was very helpful.",4,positive
506,"Not worth it at all, it arrived very late :(",2,negative
272,"Completely useless, it is overpriced for what you get.",1,negative
416,"Very disappointed with the running shoes, it did not match the description. 👎",1,negative
574,"The smart watch is amazing, the sound quality is crisp. 😊",5,positive
1061,"Waste of money, the camera customer support never responded.",2,negative
797,"Waste of money, the desk lamp the packaging was damaged.",1,negative
285,"Not bad, not great, there is nothing extra to mention.",3,neutral
202,"Works like a charm, delivery was super fast.",5,positive
11,"This desk lamp is terrible, the material feels cheap.",1,negative
359,"Poor quality desk lamp, it did not match teh description.",1,negative
417,"teh coffee maker is fine I guess, it does the basic job.",3,neutral
208,"Works like a charm, battery life is outstanding.",5,positive
1128,"The smart watch is fine I guess, it looks similar to the pictures.",3,neutral
841,"I ABSOLUTELY LOVE THIS KEYBOARD, IT WORKS PERFECTLY AND IT LOOKS EVEN BETTER IN PERSON.",5,positive
837,"The running shoes is okay, nothing special, it looks similar to the pictures.",3,neutral
820,"This keyboard exceeded my expectations, the price was very reasonable for the quality.",5,positive
503,"Completely useless, it stopped working after a week.",1,negative
366,"The desk lamp is fine I guess, it looks similar to the pictures.",3,neutral
688,"I absolutely love this monitor, it works perfectly and delivery was super fast.",5,positive
927,"The smart watch does what it says, the colour was slightly different than shown.",3,neutral
51,"It arrived on time, the bluetooth speaker the instructions were a little unclear.",3,neutral
65,"Poor quality t-shirt, it is overpriced for what you get.",1,negative
1017,"The charger is okay, nothing special, the shipping took a bit longer than expected.",3,neutral
869,"The book broke within days, it arrived very late.",1,negative
223,"Super happy with this purchase, the phone case teh sound quality is crisp. ❤️",4,positive
1094,"VERY DISAPPOINTED WITH THE KITCHEN BLENDER, THE SIZE WAS COMPLETELY WRONG.",2,negative
1187,"Waste of money, the phone case the material feels cheap.",1,negative
1127,"This keyboard is terrible, it did not match the description.",1,negative
799,"This water bottle exceeded my expectations, the packaging was premium.",5,positive
656,"Completely useless, the battery drains too fast.",1,negative
606,"Standard backpack, some features were unnecessary.",3,neutral
918,"Decent t-shirt for the price, it looks similar to the pictures.",3,neutral
1055,"I regret buying this laptop, it arrived very late.",2,negative
382,"Super happy with this purchase, the camera teh sound quality is crisp.",4,positive
1084,"I absolutely love this kitchen blender, it works perfectly and delivery was super fast.",4,positive
553,Five stars! The keyboard delivery was super fast. 🔥,5,positive
749,"The office chair broke within days, customer support never responded.",2,negative
759,"It's an average tablet, it is comparable to other brands.",3,neutral
294,"Neutral experience overall, teh shipping took a bit longer than expected.",3,neutral
882,"Not bad, not gr8 the price is about average.",3,neutral
12,"Neutral experience overall, the price is about average.",3,neutral
116,"The office chair broke within days, it arrived very late.",1,negative
887,"Completely useless, the material feels cheap.",2,negative
466,"I absolutely love this kitchen blender, it works perfectly and the build quality is excellent.",5,positive
1139,"Not worth it at all, it is overpriced for what you get :(",1,negative
329,"I regret buying this running shoes, the battery drains too fast.",1,negative
526,"I absolutely love this monitor, it works perfectly and battery life is outstanding. 🔥",4,positive
774,"The office chair does what it says, the shipping took a bit longer than expected.",3,neutral
802,"teh office chair is amazing, delivery was super fast.",5,positive
911,"Waste of money, the water bottle there were missing parts. 👎",1,negative
62,"I regret buying this t-shirt, the battery drains too fast.",1,negative
6,"It's an average charger, the colour was slightly different than shown.",3,neutral
1161,"The kitchen blender does what it says, the instructions were a little unclear.",3,neutral
1086,"It arrived on time, the keyboard there is nothing extra to mention.",3,neutral
1073,"Poor quality backpack, it arrived very late.",2,negative
857,"Not worth it at all, it stopped working after a week :(",2,negative
969,"The tablet is okay, nothing special, the colour was slightly different than shown.",3,neutral
1026,"It's an average backpack, the price is about average.",3,neutral
763,"This t-shirt exceeded my expectations, it saved me so much time.",4,positive
177,"It's an average phone case, some features were unnecessary.",3,neutral
861,"The smart watch does what it says, some features were unnecessary.",3,neutral
916,"Fantastic quality coffee maker, customer service was very helpful :)",5,positive
407,"The t-shirt broke within days, the material feels cheap.",1,negative
676,Five stars! The water bottle the price was very reasonable for the quality.,4,positive
122,"I regret buying this backpack, it did not match the description.",2,negative
35,"This desk lamp is terrible, it stopped working after a week.",1,negative
1023,"The camera does what it says, some features were unnecessary.",3,neutral
1069,"The office chair is amazing, the sound quality is crisp.",5,positive
153,"Decent t-shirt for the price, some features were unnecessary.",3,neutral
445,Five stars! The monitor the build quality is excellent.,5,positive
347,"Very disappointed with the bluetooth speaker, the packaging was damaged.",2,negative
815,"Very disappointed with the office chair, it is overpriced for what you get.",1,negative
121,"Works like a charm, it fits perfectly. 😊",4,positive
582,"It works, but the price is about average.",3,neutral
807,"Neutral experience overall, the instructions were a little unclear.",3,neutral
486,"Standard tablet, the shipping took a bit longer than expected.",3,neutral
742,"Great value for money, this keyboard the packaging was premium.",4,positive
99,"Not bad, not great, there is nothing extra to mention.",3,neutral
1147,"I absolutely love this laptop, it works perfectly and customer service was very helpful.",5,positive
1180,"Great value for money, this t-shirt delivery was super fast.",5,positive
1148,"Not worth it at all, there were missing parts :(",2,negative
1010,"Poor quality laptop, it is overpriced for what you get.",1,negative
893,"Not worth it at all, it stopped working after a week :(",1,negative
105,"The tablet is fine I guess, it is comparable to other brands.",3,neutral
901,"This tablet exceeded my expectations, the sound quality is crisp.",5,positive
611,"Completely useless, it is overpriced for what you get.",1,negative
956,"Poor quality backpack, it arrived very late.",1,negative
224,"Do not buy this keyboard, the packaging was damaged.",1,negative
839,"This tablet is terrible, the size was completely wrong.",1,negative
636,"The water bottle is fine I guess, it looks similar to the pictures.",3,neutral
589,"This tablet exceeded my expectations, it looks even better in person.",4,positive
495,"Standard book, some features were unnecessary.",3,neutral
453,"The gaming mouse is fine I guess, the price is about average.",3,neutral
141,"Not bad, not great, the colour was slightly different than shown.",3,neutral
168,"Standard book, it does the basic job.",3,neutral
469,"This kitchen blender exceeded my expectations, teh packaging was premium. ❤️",4,positive
312,"The bluetooth speaker is okay, nothing special, the colour was slightly different than shown.",3,neutral
56,"Completely useless, the packaging was damaged.",2,negative
332,"Waste of money, the book the material feels cheap. 👎",2,negative
135,"The t-shirt does what it says, there is nothing extra to mention.",3,neutral
838,"Best keyboard I have ever bought, it looks even better in person!",4,positive
404,"I regret buying this backpack, teh packaging was damaged. 😡",2,negative
575,"Poor quality laptop, it did not match the description.",2,negative
898,"Highly recommend this charger, customer service was very helpful.",4,positive
565,"Great value for money, this kitchen blender it saved me so much time.",5,positive
1036,"Best water bottle I have ever bought, the packaging was premium!",5,positive
541,Five stars! The gaming mouse the price was very reasonable for teh quality.,4,positive
961,"I absolutely love this backpack, it works perfectly and delivery was super fast.",5,positive
569,"I regret buying this keyboard, the packaging was damaged.",1,negative
401,"Very disappointed with teh running shoes, the size was completely wrong.",1,negative
701,"Not worth it at all, the size was completely wrong :(",2,negative
758,"Poor quality desk lamp, it is overpriced for what you get.",1,negative
998,"Do not buy this laptop, it did not match the description.",2,negative
757,"Great value for money, this camera the sound quality is crisp.",5,positive
579,"Decent desk lamp for the price, the price is about average.",3,neutral
683,"Waste of money, the wireless earbuds customer support never responded.",2,negative
1176,"It arrived on time, the coffee maker it does the basic job.",3,neutral
164,"This t-shirt is terrible, it stopped working after a week.",2,negative
307,"Best charger I have ever bought, the packaging was premium!",4,positive
402,"It's an average book, it looks similar to the pictures.",3,neutral
500,"Not worth it at all, the battery drains too fast :(",1,negative
184,"Works like a charm, battery life is outstanding.",5,positive
54,"Decent charger for the price, the shipping took a bit longer than expected.",3,neutral
231,"The wireless earbuds is fine I guess, it looks similar to the pictures.",3,neutral
216,"NEUTRAL EXPERIENCE OVERALL, THE SHIPPING TOOK A BIT LONGER THAN EXPECTED.",3,neutral
975,"Neutral experience overall, the colour was slightly different than shown.",3,neutral
960,"Standard backpack, it looks similar to the pictures.",3,neutral
803,"The charger broke within days, it did not match the description. 😢",2,negative
386,"Do not buy this charger, it arrived very late. 👎",1,negative
299,"I regret buying this tablet, there were missing parts.",1,negative
507,"Neutral experience overall, it works as described, nothing more.",3,neutral
1135,"This desk lamp exceeded my expectations, the price was very reasonable for the quality.",4,positive
1197,"It arrived on time, the charger it looks similar to the pictures.",3,neutral
588,"teh charger is okay, nothing special, it works as described, nothing more.",3,neutral
281,"I regret buying this running shoes, the material feels cheap. 😢",1,negative
894,"teh monitor does what it says, the price is about average.",3,neutral
1129,"FANTASTIC QUALITY GAMING MOUSE, THE PRICE WAS VERY REASONABLE FOR THE QUALITY :)",4,positive
317,"Poor quality book, customer support never responded. 👎",2,negative
1130,"Worst tablet ever, the material feels cheap.",2,negative
1173,"Not bad, not gr8 there is nothing extra to mention.",3,neutral
150,"The camera is okay, nothing special, it works as described, nothing more.",3,neutral
966,"The laptop is okay, nothing special, the instructions were a little unclear.",3,neutral
888,"It arrived on time, the t-shirt the shipping took a bit longer than expected.",3,neutral
890,"I regret buying this laptop, there were missing parts.",1,negative
1154,"Do not buy this water bottle, the material feels cheap.",2,negative
225,"It works, but the price is about average.",3,neutral
304,"Super happy with this purchase, teh laptop the packaging was premium.",5,positive
149,"The t-shirt broke within days, it did not match teh description.",1,negative
324,"Standard monitor, some features were unnecessary.",3,neutral
472,"Works like a charm, it saved me so much time. 👍",4,positive
552,"Standard bluetooth speaker, the price is about average.",3,neutral
775,"Great value for money, this coffee maker delivery was super fast. ❤️",5,positive
942,"It arrived on time, the bluetooth speaker teh instructions were a little unclear.",3,neutral
110,"Waste of money, the running shoes the packaging was damaged. 😢",2,negative
228,"Standard charger, there is nothing extra to mention.",3,neutral
624,"Standard wireless earbuds, teh instructions were a little unclear.",3,neutral
1145,"Very disappointed with the water bottle, it is overpriced for what you get.",2,negative
1143,"The t-shirt is fine I guess, it is comparable to other brands.",3,neutral
374,"Very disappointed with the running shoes, it is overpriced for what you get. 👎",1,negative
328,"Great value for money, this smart watch battery life is outstanding.",5,positive
867,"The bluetooth speaker does what it says, teh shipping took a bit longer than expected.",3,neutral
398,"This desk lamp is terrible, it stopped working after a week.",1,negative
953,"Do not buy this t-shirt, there were missing parts.",2,negative
549,"It's an average desk lamp, it is comparable to other brands.",3,neutral
605,"Completely useless, the battery drains too fast.",2,negative
64,"THE BLUETOOTH SPEAKER IS AMAZING, BATTERY LIFE IS OUTSTANDING.",4,positive
319,"Super happy with this purchase, the book it saved me so much time.",5,positive
831,"It works, but it looks similar to the pictures.",3,neutral
1016,"Poor quality smart watch, it arrived very late.",1,negative
970,"I absolutely love this desk lamp, it works perfectly and the build quality is excellent.",4,positive
321,"Not bad, not great, it works as described, nothing more.",3,neutral
1090,"Works like a charm, it saved me so much time.",5,positive
377,"Waste of money, the water bottle it did not match the description.",1,negative
847,"gr8 value for money, this office chair it saved me so much time. 😊",4,positive
795,"It's an average smart watch, it is comparable to other brands.",3,neutral
718,"Works like a charm, it saved me so much time.",4,positive
607,"I absolutely love this tablet, it works perfectly and battery life is outstanding.",4,positive
349,"Best kitchen blender I have ever bought, delivery was super fast! ❤️",5,positive
672,"It's an average tablet, it looks similar to the pictures.",3,neutral
115,"Super happy with this purchase, the gaming mouse the sound quality is crisp.",4,positive
685,"I absolutely love this t-shirt, it works perfectly and battery life is outstanding. 😊",5,positive
298,"Highly recommend this charger, battery life is outstanding.",4,positive
950,"The office chair broke within days, it arrived very late.",2,negative
1116,"The office chair is okay, nothing special, the shipping took a bit longer than expected.",3,neutral
229,"Great value for money, this laptop it looks even better in person. 👍",5,positive
239,"Very disappointed with the charger, it did not match the description.",2,negative
1107,"It's an average running shoes, the instructions were a little unclear.",3,neutral
964,Five stars! The camera it saved me so much time. 👍,4,positive
985,"Super happy with this purchase, teh coffee maker it fits perfectly.",4,positive
787,"Great value for money, this smart watch teh packaging was premium.",4,positive
821,"This charger is terrible, it stopped working after a week.",2,negative
67,"I absolutely love this t-shirt, it works perfectly and it saved me so much time. 😊",5,positive
616,"I absolutely love this book, it works perfectly and battery life is outstanding.",4,positive
590,"I regret buying this coffee maker, it arrived very late.",2,negative
230,"The monitor broke within days, customer support never responded.",2,negative
341,"Completely useless, it is overpriced for what you get.",2,negative
93,"Not bad, not great, it looks similar to the pictures.",3,neutral
832,"Works like a charm, the price was very reasonable for the quality.",5,positive
713,"Not worth it at all, the battery drains too fast :(",2,negative
548,"I regret buying this wireless earbuds, the battery drains too fast.",2,negative
959,"I regret buying this keyboard, it is overpriced for what you get.",2,negative
127,"Super happy with this purchase, the charger the sound quality is crisp.",5,positive
854,"I regret buying this office chair, the packaging was damaged.",2,negative
971,"Poor quality desk lamp, the packaging was damaged.",1,negative
226,Five stars! The t-shirt customer service was very helpful.,5,positive
1190,"Do not buy this monitor, customer support never responded.",2,negative
393,"The camera does what it says, it works as described, nothing more.",3,neutral
335,"Very disappointed with the kitchen blender, there were missing parts. 👎",2,negative
165,"Standard kitchen blender, it is comparable to other brands.",3,neutral
1146,"The keyboard is fine I guess, it is comparable to other brands.",3,neutral
446,"I regret buying this running shoes, customer support never responded. 👎",2,negative
109,"Fantastic quality running shoes, battery life is outstanding :)",4,positive
865,"I absolutely love this desk lamp, it works perfectly and it fits perfectly.",4,positive
819,"Neutral experience overall, there is nothing extra to mention.",3,neutral
766,"This office chair exceeded my expectations, delivery was super fast. ❤️",4,positive
250,"teh charger is amazing, customer service was very helpful.",4,positive
247,"Fantastic quality charger, customer service was very helpful :)",4,positive
554,"COMPLETELY USELESS, THE SIZE WAS COMPLETELY WRONG.",2,negative
1092,"Standard camera, the instructions were a little unclear.",3,neutral
119,"This t-shirt is terrible, the material feels cheap. 👎",2,negative
457,"Best desk lamp I have ever bought, the packaging was premium! 🔥",4,positive
902,"Not worth it at all, the size was completely wrong :(",1,negative
479,"Completely useless, it arrived very late.",1,negative
562,"The tablet is amazing, it saved me so much time.",4,positive
309,"Not bad, not great, it is comparable to other brands.",3,neutral
1109,"The book broke within days, it did not match the description.",1,negative
510,"The desk lamp does what it says, the shipping took a bit longer than expected.",3,neutral
131,"Very disappointed with the backpack, the battery drains too fast.",1,negative
1149,"Decent coffee maker for the price, the shipping took a bit longer than expected.",3,neutral
517,"Best backpack I have ever bought, battery life is outstanding!",5,positive
586,"Works like a charm, delivery was super fast.",5,positive
941,"WORST OFFICE CHAIR EVER, IT STOPPED WORKING AFTER A WEEK.",1,negative
1106,"Worst monitor ever, the packaging was damaged. 😡",1,negative
200,"Waste of money, the water bottle the size was completely wrong. 👎",2,negative
914,"Waste of money, the charger there were missing parts.",2,negative
789,"It works, but there is nothing extra to mention.",3,neutral
1063,"Best office chair I have ever bought, it saved me so much time! 😊",4,positive
1088,"Very disappointed with teh t-shirt, customer support never responded.",1,negative
723,"Decent laptop for the price, the price is about average.",3,neutral
1064,"Do not buy this water bottle, the packaging was damaged.",2,negative
439,"I absolutely love this water bottle, it works perfectly and battery life is outstanding.",4,positive
919,"Highly recommend this running shoes, the build quality is excellent. ❤️",5,positive
84,"It's an average coffee maker, it works as described, nothing more.",3,neutral
628,"Fantastic quality coffee maker, it saved me so much time :)",4,positive
1151,"The wireless earbuds broke within days, the material feels cheap.",2,negative
1162,"Super happy with this purchase, the water bottle battery life is outstanding.",5,positive
622,"FANTASTIC QUALITY WATER BOTTLE, DELIVERY WAS SUPER FAST :) ❤️",5,positive
240,"It's an average smart watch, the instructions were a little unclear.",3,neutral
455,"WORST CHARGER EVER, CUSTOMER SUPPORT NEVER RESPONDED.",1,negative
695,"The laptop broke within days, customer support never responded.",1,negative
334,"The charger is amazing, the build quality is excellent.",4,positive
47,"Waste of money, the book it stopped working after a week.",1,negative
1004,"This t-shirt is terrible, it stopped working after a week.",2,negative
649,Five stars! The office chair the packaging was premium.,4,positive
18,"The t-shirt is okay, nothing special, there is nothing extra to mention.",3,neutral
330,"Standard charger, the instructions were a little unclear.",3,neutral
654,"The camera does what it says, some features were unnecessary.",3,neutral
739,"The monitor is amazing, the packaging was premium.",5,positive
193,"I absolutely love this gaming mouse, it works perfectly and the packaging was premium.",4,positive
677,"I regret buying this wireless earbuds, it did not match the description.",1,negative
424,"Works like a charm, it fits perfectly. 🔥",5,positive
528,"NEUTRAL EXPERIENCE OVERALL, THE SHIPPING TOOK A BIT LONGER THAN EXPECTED.",3,neutral
487,"This book exceeded my expectations, it fits perfectly.",4,positive
858,"The camera is fine I guess, the colour was slightly different than shown.",3,neutral
703,"gr8 value for money, this coffee maker it fits perfectly.",4,positive
634,"Works like a charm, it fits perfectly.",4,positive
463,"I absolutely love this gaming mouse, it works perfectly and customer service was very helpful.",4,positive
913,"Works like a charm, the build quality is excellent.",5,positive
1019,"Completely useless, it stopped working after a week.",2,negative
717,"It arrived on time, the phone case it does the basic job.",3,neutral
287,"Poor quality office chair, customer support never responded.",2,negative
544,"Works like a charm, it saved me so much time.",5,positive
126,"It works, but it is comparable to other brands.",3,neutral
885,"Decent smart watch for teh price, the instructions were a little unclear.",3,neutral
27,"The charger does what it says, it works as described, nothing more.",3,neutral
143,"Do not buy this coffee maker, it is overpriced for what you get.",1,negative
412,"Works like a charm, the build quality is excellent.",5,positive
836,"Waste of money, the wireless earbuds there were missing parts. 😢",2,negative
468,"STANDARD OFFICE CHAIR, IT LOOKS SIMILAR TO THE PICTURES.",3,neutral
4,"Best phone case I have ever bought, it fits perfectly!",5,positive
103,"Best laptop I have ever bought, customer service was very helpful!",4,positive
339,"Standard wireless earbuds, the colour was slightly different than shown.",3,neutral
1171,"Fantastic quality bluetooth speaker, the build quality is excellent :)",5,positive
59,"Completely useless, it did not match the description.",1,negative
626,"Poor quality camera, the size was completely wrong.",1,negative
388,"Fantastic quality smart watch, the packaging was premium :)",4,positive
409,"Great value for money, this book customer service was very helpful. 😊",5,positive
772,"Highly recommend this bluetooth speaker, the price was very reasonable for the quality.",4,positive
370,Five stars! teh t-shirt the packaging was premium. 😊,4,positive
246,"Standard t-shirt, some features were unnecessary.",3,neutral
323,"Not worth it at all, the material feels cheap :(",2,negative
1101,"The wireless earbuds does what it says, the shipping took a bit longer than expected.",3,neutral
699,"Neutral experience overall, some features were unnecessary.",3,neutral
380,"Waste of money, the charger teh battery drains too fast. 👎",2,negative
1178,"This gaming mouse is terrible, the battery drains too fast.",2,negative
440,"The bluetooth speaker broke within days, it arrived very late.",1,negative
619,"This coffee maker exceeded my expectations, battery life is outstanding.",5,positive
346,"Super happy with this purchase, teh charger it fits perfectly.",5,positive
1078,"I absolutely love this keyboard, it works perfectly and it looks even better in person.",4,positive
498,"Standard laptop, the shipping took a bit longer than expected.",3,neutral
1156,"The backpack is amazing, the sound quality is crisp.",4,positive
533,"Poor quality keyboard, it did not match the description.",2,negative
1105,"I absolutely love this camera, it works perfectly and the packaging was premium.",5,positive
1189,"This office chair exceeded my expectations, customer service was very helpful.",4,positive
1137,"The camera is fine I guess, the shipping took a bit longer than expected.",3,neutral
535,"This backpack exceeded my expectations, it saved me so much time. 😊",4,positive
1193,"The tablet broke within days, it is overpriced for what you get.",1,negative
830,"I regret buying this gaming mouse, teh size was completely wrong.",2,negative
43,"The running shoes is amazing, the price was very reasonable for the quality. 👍",4,positive
597,"Standard gaming mouse, the price is about average.",3,neutral
895,"Great value for money, this monitor it saved me so much time. ❤️",4,positive
8,"Do not buy this wireless earbuds, the packaging was damaged.",1,negative
921,"The monitor does what it says, the colour was slightly different than shown.",3,neutral
1096,"teh coffee maker is amazing, battery life is outstanding. ❤️",4,positive
63,"It arrived on time, teh wireless earbuds some features were unnecessary.",3,neutral
1158,"Not bad, not great, teh instructions were a little unclear.",3,neutral
104,"Very disappointed with the bluetooth speaker, there were missing parts.",1,negative
689,"Do not buy this t-shirt, it stopped working after a week. 😡",1,negative
1051,"Highly recommend this charger, delivery was super fast.",5,positive
904,"Best kitchen blender I have ever bought, it looks even better in person! 🔥",4,positive
241,"This t-shirt exceeded my expectations, the packaging was premium.",5,positive
600,"The book does what it says, the shipping took a bit longer than expected.",3,neutral
1120,"The desk lamp is amazing, the sound quality is crisp. 👍",4,positive
351,"It arrived on time, the phone case the colour was slightly different than shown.",3,neutral
66,"The backpack is okay, nothing special, it looks similar to the pictures.",3,neutral
284,"Waste of money, the kitchen blender it stopped working after a week.",2,negative
930,"Neutral experience overall, the price is about average.",3,neutral
1002,"The camera is fine I guess, the price is about average.",3,neutral
88,"Super happy with this purchase, the backpack customer service was very helpful.",5,positive
301,"Highly recommend this kitchen blender, the price was very reasonable for teh quality.",4,positive
1040,"I regret buying this wireless earbuds, it did not match the description. 👎",1,negative
171,"It works, but some features were unnecessary.",3,neutral
848,"Very disappointed with the tablet, teh battery drains too fast.",1,negative
849,"Neutral experience overall, it does the basic job.",3,neutral
640,"Super happy with this purchase, the running shoes teh packaging was premium.",4,positive
642,"Not bad, not great, it works as described, nothing more.",3,neutral
999,"It works, but it does the basic job.",3,neutral
933,"The keyboard does what it says, teh shipping took a bit longer than expected.",3,neutral
266,"teh charger broke within days, customer support never responded.",1,negative
197,"Very disappointed with the desk lamp, there were missing parts.",1,negative
981,"Neutral experience overall, some features were unnecessary.",3,neutral
1033,"This monitor exceeded my expectations, it fits perfectly. 🔥",5,positive
1072,"Highly recommend this keyboard, customer service was very helpful.",4,positive
61,"I absolutely love this charger, it works perfectly and it looks even better in person. ❤️",5,positive
1184,"The backpack broke within days, it is overpriced for what you get.",2,negative
816,"THE T-SHIRT DOES WHAT IT SAYS, THERE IS NOTHING EXTRA TO MENTION.",3,neutral
218,"Do not buy this laptop, it arrived very late.",1,negative
581,"The laptop broke within days, it arrived very late.",2,negative
462,"The backpack does what it says, the shipping took a bit longer than expected.",3,neutral
113,"Worst water bottle ever, it stopped working after a week. 😡",2,negative
515,"teh book broke within days, teh size was completely wrong. 😢",1,negative
187,"Super happy with this purchase, the kitchen blender the build quality is excellent.",5,positive
1076,"This monitor is terrible, customer support never responded.",2,negative
203,"The phone case broke within days, it did not match the description. 👎",1,negative
1108,"gr8 value for money, this water bottle customer service was very helpful. 😊",4,positive
721,Five stars! The desk lamp customer service was very helpful.,4,positive
191,"Waste of money, the wireless earbuds the battery drains too fast.",2,negative
946,"Best wireless earbuds I have ever bought, it looks even better in person!",4,positive
1021,Five stars! The backpack it looks even better in person.,5,positive
175,"FANTASTIC QUALITY WATER BOTTLE, IT SAVED ME SO MUCH TIME :) 👍",5,positive
442,"Best kitchen blender I have ever bought, delivery was super fast! 🔥",5,positive
751,"Best running shoes I have ever bought, battery life is outstanding! 🔥",5,positive
296,"Worst kitchen blender ever, the size was completely wrong.",1,negative
671,"Very disappointed with the running shoes, teh material feels cheap. 😡",2,negative
427,"GREAT VALUE FOR MONEY, THIS COFFEE MAKER DELIVERY WAS SUPER FAST.",5,positive
538,"Great value for money, this office chair the packaging was premium.",5,positive
428,"Do not buy this water bottle, the battery drains too fast.",1,negative
912,"Not bad, not great, it looks similar to the pictures.",3,neutral
793,"I absolutely love this desk lamp, it works perfectly and it looks even better in person.",4,positive
72,"The backpack does what it says, it does the basic job.",3,neutral
1157,"Worst smart watch ever, customer support never responded. 😢",2,negative
2,"Poor quality gaming mouse, it stopped working after a week. 👎",1,negative
1196,"Waste of money, the monitor it is overpriced for what you get. 😡",2,negative
173,"I regret buying this backpack, the material feels cheap.",1,negative
7,"FANTASTIC QUALITY KEYBOARD, BATTERY LIFE IS OUTSTANDING :)",5,positive
855,"It's an average running shoes, teh shipping took a bit longer than expected.",3,neutral
716,"This phone case is terrible, it did not match the description.",2,negative
1028,"Very disappointed with the book, teh material feels cheap.",1,negative
1014,"THE SMART WATCH IS FINE I GUESS, THE INSTRUCTIONS WERE A LITTLE UNCLEAR.",3,neutral
215,"This backpack is terrible, it did not match the description.",2,negative
767,"Poor quality tablet, there were missing parts.",2,negative
276,"The desk lamp does what it says, it is comparable to other brands.",3,neutral
147,"It arrived on time, teh camera the price is about average.",3,neutral
834,"Neutral experience overall, there is nothing extra to mention.",3,neutral
353,"Worst coffee maker ever, the battery drains too fast. 👎",2,negative
817,"GREAT VALUE FOR MONEY, THIS MONITOR THE SOUND QUALITY IS CRISP.",4,positive
1097,"I regret buying this book, it is overpriced for what you get.",2,negative
587,"Poor quality book, teh battery drains too fast.",1,negative
1093,Five stars! The smart watch the sound quality is crisp. 🔥,5,positive
112,"Works like a charm, the sound quality is crisp.",5,positive
92,"Worst desk lamp ever, it is overpriced for what you get.",1,negative
746,"Completely useless, customer support never responded. 👎",1,negative
771,"Standard t-shirt, it is comparable to other brands.",3,neutral
1136,"Do not buy this bluetooth speaker, customer support never responded.",1,negative
752,"Not worth it at all, it is overpriced for what you get :( 👎",1,negative
937,"Great value for money, this coffee maker the sound quality is crisp.",4,positive
871,"Best book I have ever bought, the packaging was premium!",4,positive
392,"Do not buy this backpack, customer support never responded.",2,negative
675,"Standard charger, the instructions were a little unclear.",3,neutral
546,"The phone case does what it says, some features were unnecessary.",3,neutral
949,"Works like a charm, the sound quality is crisp.",4,positive
310,"I absolutely love this kitchen blender, it works perfectly and it fits perfectly.",4,positive
709,"This coffee maker exceeded my expectations, battery life is outstanding.",5,positive
259,"Great value for money, this office chair the price was very reasonable for the quality.",5,positive
984,"THE GAMING MOUSE IS OKAY, NOTHING SPECIAL, SOME FEATURES WERE UNNECESSARY.",3,neutral
1057,Five stars! The book delivery was super fast.,5,positive
1194,"Standard coffee maker, the price is about average.",3,neutral
434,"Not worth it at all, it is overpriced for what you get :( 👎",2,negative
194,"Worst keyboard ever, teh packaging was damaged.",2,negative
531,"IT'S AN AVERAGE BOOK, SOME FEATURES WERE UNNECESSARY.",3,neutral
83,"Not worth it at all, it is overpriced for what you get :(",1,negative
601,"Great value for money, this running shoes customer service was very helpful.",5,positive
899,"Not worth it at all, the material feels cheap :(",2,negative
1003,"Works like a charm, delivery was super fast.",5,positive
954,"It's an average smart watch, it is comparable to other brands.",3,neutral
729,"It works, but it does the basic job.",3,neutral
660,"Not bad, not great, some features were unnecessary.",3,neutral
95,"Completely useless, there were missing parts.",2,negative
922,"Works like a charm, delivery was super fast. ❤️",5,positive
120,"The kitchen blender is okay, nothing special, it works as described, nothing more.",3,neutral
1042,"This tablet exceeded my expectations, it saved me so much time.",5,positive
166,"This backpack exceeded my expectations, customer service was very helpful.",5,positive
862,"This monitor exceeded my expectations, the packaging was premium.",4,positive
1053,"The camera is okay, nothing special, it is comparable to other brands.",3,neutral
593,"Completely useless, there were missing parts. 😡",1,negative
617,"This tablet is terrible, it is overpriced for what you get. 👎",1,negative
254,"I regret buying this coffee maker, the material feels cheap.",1,negative
261,"Decent gaming mouse for the price, the shipping took a bit longer than expected.",3,neutral
151,"This bluetooth speaker exceeded my expectations, the sound quality is crisp.",4,positive
698,"I regret buying this charger, the material feels cheap.",2,negative
467,"Poor quality camera, the size was completely wrong.",1,negative
620,"Do not buy this office chair, it arrived very late.",1,negative
268,"Best tablet I have ever bought, the packaging was premium!",5,positive
152,"THIS LAPTOP IS TERRIBLE, IT DID NOT MATCH THE DESCRIPTION.",2,negative
1133,"The camera broke within days, there were missing parts.",2,negative
682,"The water bottle is amazing, it looks even better in person.",4,positive
715,"Works like a charm, it looks even better in person.",5,positive
29,"This t-shirt is terrible, teh packaging was damaged. 😢",1,negative
693,"Not bad, not great, the shipping took a bit longer than expected.",3,neutral
724,"Fantastic quality bluetooth speaker, teh build quality is excellent :)",4,positive
647,"teh bluetooth speaker broke within days, it arrived very late.",2,negative
371,"Do not buy this office chair, there were missing parts. 👎",2,negative
833,"The gaming mouse broke within days, it arrived very late.",1,negative
36,"IT WORKS, BUT IT LOOKS SIMILAR TO THE PICTURES.",3,neutral
490,"Best monitor I have ever bought, teh price was very reasonable for the quality!",5,positive
249,"It works, but there is nothing extra to mention.",3,neutral
253,"Fantastic quality smart watch, it fits perfectly :)",5,positive
754,"BEST KEYBOARD I HAVE EVER BOUGHT, IT FITS PERFECTLY!",4,positive
1164,"It's an average smart watch, it is comparable to other brands.",3,neutral
980,"Completely useless, it did not match the description.",2,negative
667,Five stars! The coffee maker customer service was very helpful.,5,positive
60,"The smart watch is fine I guess, the colour was slightly different than shown.",3,neutral
714,"The keyboard is fine I guess, the colour was slightly different than shown.",3,neutral
378,"It's an average coffee maker, the instructions were a little unclear.",3,neutral
706,"I absolutely love this wireless earbuds, it works perfectly and battery life is outstanding.",4,positive
1013,"I regret buying this coffee maker, it arrived very late. 👎",2,negative
501,"It's an average running shoes, there is nothing extra to mention.",3,neutral
727,"Super happy with this purchase, the coffee maker customer service was very helpful. 😊",5,positive
522,"It works, but it does the basic job.",3,neutral
357,"Decent coffee maker for the price, it works as described, nothing more.",3,neutral
740,"Very disappointed with teh tablet, the size was completely wrong.",2,negative
1067,"Very disappointed with the t-shirt, teh packaging was damaged.",1,negative
790,"Works like a charm, the build quality is excellent. 👍",5,positive
262,"Works like a charm, the build quality is excellent.",5,positive
447,"It works, but it is comparable to other brands.",3,neutral
1046,"Waste of money, the smart watch teh packaging was damaged.",1,negative
199,"Great value for money, this laptop delivery was super fast.",5,positive
167,"Not worth it at all, there were missing parts :(",1,negative
580,"This phone case exceeded my expectations, the packaging was premium.",4,positive
1038,"The book is fine I guess, it looks similar to the pictures.",3,neutral
128,"Poor quality bluetooth speaker, it stopped working after a week.",2,negative
40,"Works like a charm, battery life is outstanding.",4,positive
907,"Works like a charm, the packaging was premium.",5,positive
1031,"I regret buying this water bottle, the size was completely wrong.",1,negative
73,"Works like a charm, the sound quality is crisp.",4,positive
1182,"Standard phone case, the price is about average.",3,neutral
657,"Decent desk lamp for the price, it works as described, nothing more.",3,neutral
316,"Works like a charm, the sound quality is crisp. 👍",5,positive
502,"Highly recommend this gaming mouse, battery life is outstanding.",5,positive
1144,"I absolutely love this desk lamp, it works perfectly and teh sound quality is crisp.",4,positive
383,"Worst bluetooth speaker ever, it stopped working after a week. 😢",2,negative
761,"This tablet is terrible, the material feels cheap.",2,negative
1104,"It arrived on time, the phone case it does the basic job.",3,neutral
426,"It works, but the shipping took a bit longer than expected.",3,neutral
415,"The tablet is amazing, it saved me so much time.",4,positive
504,"THE CAMERA DOES WHAT IT SAYS, THE INSTRUCTIONS WERE A LITTLE UNCLEAR.",3,neutral
384,"Standard gaming mouse, some features were unnecessary.",3,neutral
743,"Poor quality running shoes, it stopped working after a week.",1,negative
748,"Fantastic quality backpack, customer service was very helpful :)",4,positive
513,"It's an average coffee maker, it is comparable to other brands.",3,neutral
883,"Super happy with this purchase, the smart watch battery life is outstanding.",4,positive
14,"Poor quality gaming mouse, teh size was completely wrong. 👎",1,negative
5,"Very disappointed with the kitchen blender, it arrived very late. 😢",2,negative
1102,"Works like a charm, delivery was super fast.",4,positive
939,"Standard book, it looks similar to the pictures.",3,neutral
1177,"The charger is amazing, the build quality is excellent.",5,positive
201,"Neutral experience overall, it looks similar to the pictures.",3,neutral
481,"Highly recommend this gaming mouse, the sound quality is crisp. ❤️",4,positive
733,"Highly recommend this laptop, battery life is outstanding.",4,positive
1195,"Best water bottle I have ever bought, it fits perfectly!",5,positive
342,"Not bad, not great, it works as described, nothing more.",3,neutral
74,"Poor quality gaming mouse, the battery drains too fast. 😢",2,negative
1008,"The keyboard does what it says, the colour was slightly different than shown.",3,neutral
1020,"STANDARD DESK LAMP, teh INSTRUCTIONS WERE A LITTLE UNCLEAR.",3,neutral
576,"The t-shirt does what it says, the shipping took a bit longer than expected.",3,neutral
385,"Works like a charm, the packaging was premium.",5,positive
291,"Not bad, not great, the instructions were a little unclear.",3,neutral
465,"Standard desk lamp, the shipping took a bit longer than expected.",3,neutral
314,"Worst bluetooth speaker ever, customer support never responded.",2,negative
475,"This coffee maker exceeded my expectations, the sound quality is crisp.",5,positive
390,"It arrived on time, the desk lamp there is nothing extra to mention.",3,neutral
264,"The wireless earbuds is fine I guess, some features were unnecessary.",3,neutral
180,"Neutral experience overall, it is comparable to other brands.",3,neutral
745,"Super happy with this purchase, the bluetooth speaker battery life is outstanding.",5,positive
567,"The monitor does what it says, the shipping took a bit longer than expected.",3,neutral
157,"This t-shirt exceeded my expectations, battery life is outstanding.",4,positive
551,"Completely useless, the material feels cheap.",1,negative
610,Five stars! The camera the build quality is excellent. 👍,5,positive
308,"This phone case is terrible, it did not match the description.",2,negative
944,"Worst kitchen blender ever, it stopped working after a week. 😡",1,negative
929,"Worst kitchen blender ever, it arrived very late. 👎",2,negative
778,"Works like a charm, delivery was super fast. 🔥",5,positive
86,"This gaming mouse is terrible, teh size was completely wrong.",2,negative
875,"Waste of money, the bluetooth speaker it is overpriced for what you get.",1,negative
1125,"Standard kitchen blender, the price is about average.",3,neutral
391,"Best kitchen blender I have ever bought, it fits perfectly!",4,positive
781,"Super happy with this purchase, the coffee maker the price was very reasonable for the quality.",5,positive
21,"Neutral experience overall, it looks similar to the pictures.",3,neutral
494,"Poor quality running shoes, it is overpriced for what you get.",1,negative
813,"Neutral experience overall, it does the basic job.",3,neutral
977,"Do not buy this book, teh battery drains too fast.",1,negative
840,"The camera is fine I guess, the colour was slightly different than shown.",3,neutral
160,"Best backpack I have ever bought, it saved me so much time! 🔥",4,positive
779,"Poor quality tablet, there were missing parts. 👎",1,negative
1170,"It works, but it looks similar to the pictures.",3,neutral
753,"It's an average keyboard, it is comparable to other brands.",3,neutral
625,"Works like a charm, it fits perfectly.",4,positive
518,"The backpack broke within days, customer support never responded.",1,negative
433,"Fantastic quality wireless earbuds, delivery was super fast :)",5,positive
1142,"Poor quality coffee maker, it arrived very late.",1,negative
483,"The smart watch does what it says, the shipping took a bit longer than expected.",3,neutral
172,"I absolutely love this book, it works perfectly and it looks even better in person.",4,positive
387,"It arrived on time, teh t-shirt the price is about average.",3,neutral
408,"It's an average wireless earbuds, the instructions were a little unclear.",3,neutral
369,"It arrived on time, the keyboard the price is about average.",3,neutral
996,"Decent kitchen blender for the price, some features were unnecessary.",3,neutral
974,"Completely useless, it arrived very late.",2,negative
1058,"Waste of money, the phone case it did not match the description.",2,negative
493,"Best bluetooth speaker I have ever bought, it looks even better in person!",5,positive
1179,"Not bad, not great, it does the basic job.",3,neutral
884,"Not worth it at all, the battery drains too fast :( 😢",2,negative
279,"It's an average coffee maker, it works as described, nothing more.",3,neutral
207,"Not bad, not great, it is comparable to other brands.",3,neutral
1059,"Standard water bottle, the instructions were a little unclear.",3,neutral
991,"Super happy with this purchase, the wireless earbuds the packaging was premium.",4,positive
460,"Best desk lamp I have ever bought, it saved me so much time!",5,positive
1056,"The bluetooth speaker is okay, nothing special, some features were unnecessary.",3,neutral
293,"The camera broke within days, the material feels cheap.",2,negative
1068,"It's an average tablet, the instructions were a little unclear.",3,neutral
1080,"The keyboard is fine I guess, it does the basic job.",3,neutral
621,"It works, but there is nothing extra to mention.",3,neutral
181,"This tablet exceeded my expectations, the packaging was premium.",5,positive
435,"teh desk lamp is fine I guess, the price is about average.",3,neutral
251,"Not worth it at all, customer support never responded :( 😢",1,negative
405,"It arrived on time, the keyboard the instructions were a little unclear.",3,neutral
337,"The bluetooth speaker is amazing, delivery was super fast.",4,positive
638,"I regret buying this camera, it stopped working after a week. 😢",1,negative
957,"Decent wireless earbuds for the price, it does the basic job.",3,neutral
873,"The phone case is okay, nothing special, the instructions were a little unclear.",3,neutral
161,"THE PHONE CASE BROKE WITHIN DAYS, THE MATERIAL FEELS CHEAP.",1,negative
484,"Fantastic quality backpack, it looks even better in person :)",4,positive
1035,"It arrived on time, the kitchen blender it is comparable to other brands.",3,neutral
1121,"This backpack is terrible, it is overpriced for what you get.",1,negative
1150,"I absolutely love this charger, it works perfectly and it fits perfectly.",4,positive
258,"It's an average backpack, the shipping took a bit longer than expected.",3,neutral
1066,"Fantastic quality tablet, delivery was super fast :)",5,positive
290,"Waste of money, teh desk lamp the battery drains too fast.",2,negative
107,"Very disappointed with the running shoes, customer support never responded. 😡",2,negative
395,"I regret buying this t-shirt, the size was completely wrong.",1,negative
144,"It arrived on time, the water bottle the instructions were a little unclear.",3,neutral
1007,"Waste of money, the running shoes it is overpriced for what you get.",2,negative
133,"Works like a charm, the build quality is excellent.",5,positive
13,"Best t-shirt I have ever bought, it looks even better in person!",5,positive
1166,"Completely useless, the battery drains too fast. 😢",2,negative
376,"Fantastic quality monitor, it fits perfectly :)",5,positive
659,"Worst monitor ever, the battery drains too fast. 👎",1,negative
782,"I regret buying this tablet, the battery drains too fast.",2,negative
456,"It works, but it is comparable to other brands.",3,neutral
509,"Waste of money, the smart watch there were missing parts.",2,negative
111,"Standard kitchen blender, there is nothing extra to mention.",3,neutral
422,"Worst office chair ever, teh packaging was damaged.",1,negative
1192,Five stars! The tablet it looks even better in person. 🔥,4,positive
702,"It works, but it is comparable to other brands.",3,neutral
679,"I absolutely love this coffee maker, it works perfectly and it fits perfectly.",4,positive
470,"Not worth it at all, it is overpriced for what you get :(",2,negative
49,"Best water bottle I have ever bought, battery life is outstanding!",4,positive
591,"It works, but it does the basic job.",3,neutral
850,"This kitchen blender exceeded my expectations, the price was very reasonable for teh quality.",4,positive
82,Five stars! The backpack delivery was super fast.,5,positive
651,"NEUTRAL EXPERIENCE OVERALL, THE PRICE IS ABOUT AVERAGE.",3,neutral
570,"The charger is fine I guess, it does the basic job.",3,neutral
275,"Completely useless, the material feels cheap.",2,negative
674,"This phone case is terrible, the size was completely wrong.",2,negative
909,"The gaming mouse does what it says, there is nothing extra to mention.",3,neutral
488,"Not worth it at all, the packaging was damaged :(",2,negative
78,"The wireless earbuds is fine I guess, the instructions were a little unclear.",3,neutral
419,"Completely useless, it did not match the description. 👎",1,negative
770,"Waste of money, teh coffee maker the packaging was damaged.",1,negative
311,"Do not buy this bluetooth speaker, the packaging was damaged. 😡",1,negative
1155,"THE SMART WATCH IS FINE I GUESS, THE INSTRUCTIONS WERE A LITTLE UNCLEAR.",3,neutral
608,"Waste of money, the tablet the battery drains too fast. 👎",1,negative
1022,"Worst water bottle ever, there were missing parts.",2,negative
1153,"I absolutely love this t-shirt, it works perfectly and the sound quality is crisp. 😊",5,positive
282,"Neutral experience overall, it works as described, nothing more.",3,neutral
123,"Standard bluetooth speaker, some features were unnecessary.",3,neutral
163,Five stars! The kitchen blender it saved me so much time.,5,positive
499,"WORKS LIKE A CHARM, IT FITS PERFECTLY.",5,positive
878,"This running shoes is terrible, the material feels cheap. 👎",2,negative
485,"Poor quality wireless earbuds, there were missing parts.",2,negative
633,"The monitor does what it says, it looks similar to the pictures.",3,neutral
1181,"I REGRET BUYING THIS SMART WATCH, THE BATTERY DRAINS TOO FAST.",2,negative
44,"Poor quality wireless earbuds, it did not match the description. 😢",2,negative
1085,"The t-shirt broke within days, the material feels cheap.",1,negative
28,"Highly recommend this book, delivery was super fast. ❤️",5,positive
1032,"THE SMART WATCH IS OKAY, NOTHING SPECIAL, THERE IS NOTHING EXTRA TO MENTION.",3,neutral
477,"The t-shirt is okay, nothing special, there is nothing extra to mention.",3,neutral
1047,"The phone case is fine I guess, it looks similar to the pictures.",3,neutral
784,"Super happy with this purchase, the book teh build quality is excellent.",4,positive
920,"I regret buying this smart watch, teh size was completely wrong.",2,negative
1185,"Not bad, not gr8 the colour was slightly different than shown.",3,neutral
687,"The wireless earbuds does what it says, the shipping took a bit longer than expected.",3,neutral
139,"The t-shirt is amazing, it saved me so much time. ❤️",5,positive
988,"Works like a charm, it fits perfectly.",4,positive
652,"Fantastic quality camera, teh build quality is excellent :)",5,positive
360,"It works, but the instructions were a little unclear.",3,neutral
681,"Not bad, not great, there is nothing extra to mention.",3,neutral
273,"Neutral experience overall, it looks similar to the pictures.",3,neutral
796,"Best tablet I have ever bought, battery life is outstanding!",5,positive
665,"The kitchen blender broke within days, it is overpriced for what you get. 👎",2,negative
195,"Neutral experience overall, some features were unnecessary.",3,neutral
516,"Not bad, not great, some features were unnecessary.",3,neutral
352,"Works like a charm, customer service was very helpful.",5,positive
1099,Five stars! The t-shirt the sound quality is crisp. 👍,5,positive
209,"The smart watch broke within days, it is overpriced for what you get.",2,negative
1024,"HIGHLY RECOMMEND THIS LAPTOP, CUSTOMER SERVICE WAS VERY HELPFUL. 🔥",5,positive
618,"The tablet is fine I guess, it works as described, nothing more.",3,neutral
842,"Worst camera ever, the battery drains too fast.",2,negative
448,"Highly recommend this book, it saved me so much time.",5,positive
138,"Standard bluetooth speaker, there is nothing extra to mention.",3,neutral
90,"Standard running shoes, it does the basic job.",3,neutral
756,"It's an average smart watch, the instructions were a little unclear.",3,neutral
571,"Super happy with this purchase, the laptop it fits perfectly.",4,positive
136,"Super happy with this purchase, the keyboard customer service was very helpful. ❤️",4,positive
451,"Works like a charm, the packaging was premium.",4,positive
940,"Great value for money, this coffee maker customer service was very helpful.",5,positive
436,"This gaming mouse exceeded my expectations, customer service was very helpful. ❤️",5,positive
798,"The t-shirt is fine I guess, some features were unnecessary.",3,neutral
25,"I absolutely love this desk lamp, it works perfectly and teh price was very reasonable for the quality.",4,positive
648,"It arrived on time, the bluetooth speaker it looks similar to the pictures.",3,neutral
824,"Poor quality charger, the size was completely wrong.",1,negative
31,"This bluetooth speaker exceeded my expectations, teh sound quality is crisp.",4,positive
356,"I regret buying this desk lamp, the size was completely wrong.",1,negative
663,"Not bad, not great, there is nothing extra to mention.",3,neutral
731,"Very disappointed with the gaming mouse, the packaging was damaged.",1,negative
217,"Works like a charm, it fits perfectly. 👍",4,positive
438,"It's an average kitchen blender, the instructions were a little unclear.",3,neutral
476,"Very disappointed with the running shoes, there were missing parts.",1,negative
248,"Completely useless, customer support never responded.",1,negative
877,"Great value for money, this water bottle it saved me so much time.",4,positive
810,"Decent kitchen blender for the price, it is comparable to other brands.",3,neutral
1110,"IT WORKS, BUT SOME FEATURES WERE UNNECESSARY.",3,neutral
425,"Very disappointed with the running shoes, it is overpriced for what you get.",1,negative
389,"Do not buy this smart watch, it stopped working after a week.",1,negative
661,Five stars! The backpack the build quality is excellent. ❤️,5,positive
1199,"Waste of money, teh t-shirt it did not match the description. 😡",2,negative
221,"Poor quality gaming mouse, customer support never responded.",1,negative
1050,"Standard smart watch, the instructions were a little unclear.",3,neutral
852,"It arrived on time, teh desk lamp the instructions were a little unclear.",3,neutral
91,"I absolutely love this desk lamp, it works perfectly and the sound quality is crisp.",5,positive
343,"Highly recommend this gaming mouse, the price was very reasonable for the quality.",4,positive
344,"Completely useless, teh size was completely wrong.",2,negative
198,"Decent keyboard for the price, there is nothing extra to mention.",3,neutral
452,"Do not buy this bluetooth speaker, it did not match the description.",1,negative
130,Five stars! The kitchen blender delivery was super fast.,5,positive
394,"This wireless earbuds exceeded my expectations, it fits perfectly.",5,positive
691,"Works like a charm, delivery was super fast. 👍",4,positive
30,"It works, but it is comparable to other brands.",3,neutral
58,"Great value for money, this smart watch it fits perfectly. 👍",4,positive
864,"It works, but it is comparable to other brands.",3,neutral
33,"The laptop does what it says, the colour was slightly different than shown.",3,neutral
188,"Poor quality wireless earbuds, the packaging was damaged.",2,negative
410,"Worst phone case ever, the material feels cheap.",2,negative
489,"The running shoes is fine I guess, it is comparable to other brands.",3,neutral
768,"The laptop does what it says, the price is about average.",3,neutral
512,"I regret buying this charger, the size was completely wrong.",1,negative
414,"NEUTRAL EXPERIENCE OVERALL, IT LOOKS SIMILAR TO THE PICTURES.",3,neutral
773,"Completely useless, it did not match the description.",1,negative
100,"The backpack is amazing, the build quality is excellent.",5,positive
10,"Works like a charm, battery life is outstanding. ❤️",4,positive
108,"The coffee maker is okay, nothing special, it does the basic job.",3,neutral
910,"I absolutely love this coffee maker, it works perfectly and customer service was very helpful.",4,positive
632,"The office chair broke within days, there were missing parts.",2,negative
800,"Not worth it at all, it did not match the description :(",2,negative
211,"The backpack is amazing, teh build quality is excellent.",4,positive
1071,"Decent camera for the price, there is nothing extra to mention.",3,neutral
98,"I regret buying this smart watch, it did not match the description.",2,negative
906,"teh KEYBOARD IS FINE I GUESS, IT IS COMPARABLE TO OTHER BRANDS.",3,neutral
443,"NOT WORTH IT AT ALL, IT IS OVERPRICED FOR WHAT YOU GET :( 😡",2,negative
1091,"I regret buying this book, the battery drains too fast.",1,negative
71,"Worst bluetooth speaker ever, the battery drains too fast. 😢",1,negative
444,"It's an average backpack, the price is about average.",3,neutral
365,"Do not buy this kitchen blender, the size was completely wrong. 😡",2,negative
734,"This kitchen blender is terrible, the material feels cheap.",2,negative
903,"Standard smart watch, it looks similar to the pictures.",3,neutral
315,"It arrived on time, the coffee maker the shipping took a bit longer than expected.",3,neutral
560,"Poor quality tablet, it arrived very late.",1,negative
23,"Completely useless, it is overpriced for what you get.",1,negative
159,"Not bad, not gr8 it does the basic job.",3,neutral
345,"The desk lamp is okay, nothing special, there is nothing extra to mention.",3,neutral
801,"It works, but the price is about average.",3,neutral
1095,"Standard coffee maker, teh shipping took a bit longer than expected.",3,neutral
255,"The laptop does what it says, it is comparable to other brands.",3,neutral
603,"It works, but it does the basic job.",3,neutral
363,"The gaming mouse is fine I guess, some features were unnecessary.",3,neutral
206,"Waste of money, the office chair it is overpriced for what you get.",2,negative
37,"THIS MONITOR EXCEEDED MY EXPECTATIONS, THE PRICE WAS VERY REASONABLE FOR THE QUALITY.",5,positive
350,"This kitchen blender is terrible, the packaging was damaged.",2,negative
331,"Works like a charm, teh build quality is excellent.",4,positive
572,"Worst phone case ever, the material feels cheap.",1,negative
965,"Poor quality laptop, the packaging was damaged.",2,negative
288,"It arrived on time, the office chair the shipping took a bit longer than expected.",3,neutral
897,"The kitchen blender is fine I guess, the price is about average.",3,neutral
497,"Not worth it at all, it stopped working after a week :( 👎",1,negative
1124,"Poor quality keyboard, it is overpriced for what you get.",1,negative
170,"Very disappointed with the wireless earbuds, the packaging was damaged. 😡",1,negative
140,"Worst book ever, the battery drains too fast.",2,negative
945,"Not bad, not great, it works as described, nothing more.",3,neutral
993,"It's an average camera, it does the basic job.",3,neutral
951,"Standard kitchen blender, it looks similar to the pictures.",3,neutral
670,"Great value for money, this t-shirt the price was very reasonable for the quality.",4,positive
280,"gr8 value for money, this monitor customer service was very helpful. 👍",5,positive
